{
  "project_info": {
    "project_number": "1045394848023",
    "project_id": "buffway-f771b",
    "storage_bucket": "buffway-f771b.appspot.com"
  },
  "client": [
    {
      "client_info": {
        "mobilesdk_app_id": "1:1045394848023:android:d349bc623c6ac9aa631f52",
        "android_client_info": {
          "package_name": "com.fayaz.buffway"
        }
      },
      "oauth_client": [
        {
          "client_id": "1045394848023-ha3ss4oksne419pibmb6gshu159hqhcf.apps.googleusercontent.com",
          "client_type": 1,
          "android_info": {
            "package_name": "com.fayaz.buffway",
            "certificate_hash": "e2ad9c06b7e7e658558321b997c84c2f9884f2dd"
          }
        },
        {
          "client_id": "1045394848023-nmv0bqvacl9bsqecrvhp0smpg963oqe3.apps.googleusercontent.com",
          "client_type": 3
        }
      ],
      "api_key": [
        {
          "current_key": "AIzaSyDIzhl3t4-uzDBV09BZeeBQuyx83vhkIWI"
        }
      ],
      "services": {
        "appinvite_service": {
          "other_platform_oauth_client": [
            {
              "client_id": "1045394848023-nmv0bqvacl9bsqecrvhp0smpg963oqe3.apps.googleusercontent.com",
              "client_type": 3
            }
          ]
        }
      }
    }
  ],
  "configuration_version": "1"
}